Redirect from,Redirect to
/products/fontaine,/products/fontaine-eau-velluno-7l-inox
/products/fontaine-a-eau,/products/fontaine-eau-velluno-7l-inox
/products/fontaine-7l,/products/fontaine-eau-velluno-7l-inox
/products/source-7l,/products/fontaine-eau-velluno-7l-inox
/products/filtres,/products/filtres-rechange-velluno-source
/products/filtre,/products/filtres-rechange-velluno-source
/products/tapis,/products/tapis-gamelle-silicone-velluno
/products/tapis-gamelle,/products/tapis-gamelle-silicone-velluno
/products/os-a-macher,/products/os-a-macher-dentaire-velluno
/products/chew,/products/os-a-macher-dentaire-velluno
/collections/fontaines,/collections/hydratation
/collections/filtres,/collections/rechanges
/collections/all,/collections/best-sellers
/collections/tous-les-produits,/collections/best-sellers
/pages/livraison-et-suivi,/pages/livraison
/pages/shipping,/pages/livraison
/pages/retours,/pages/retours-et-remboursements
/pages/returns,/pages/retours-et-remboursements
/pages/faq-livraison,/pages/faq
/pages/about,/pages/a-propos
/pages/qui-sommes-nous,/pages/a-propos
/pages/cgv-cgu,/pages/cgv
/pages/conditions-generales,/pages/cgv
/pages/mentions-legales-velluno,/pages/mentions-legales
/pages/confidentialite,/pages/politique-de-confidentialite
/pages/privacy,/pages/politique-de-confidentialite
/pages/cookie,/pages/cookies
/pages/nous-contacter,/pages/contact
/pages/support,/pages/contact
